{
    "origin_1.jpg": [
        1348.5521240234375,
        1356.658447265625,
        2001.834716796875,
        1500.771484375,
        -0.0814618319272995,
        0.012626411393284798,
        0.005324431695044041,
        -0.001227827277034521
    ],
    "origin_2.jpg": [
        1082.7469482421875,
        1082.9222412109375,
        1996.373046875,
        1504.9656982421875,
        0.13702748715877533,
        -0.07493317127227783,
        0.038124777376651764,
        -0.006396674085408449
    ],
    "origin_3.jpg": [
        1335.158203125,
        1348.3900146484375,
        2001.650390625,
        1504.261962890625,
        -0.03838396817445755,
        -0.017284343019127846,
        0.01493111252784729,
        -0.0023458083160221577
    ],
    "origin_4.jpg": [
        1407.929443359375,
        1419.3057861328125,
        2001.1436767578125,
        1498.73193359375,
        -0.056552086025476456,
        -0.005234742537140846,
        0.010586378164589405,
        -0.001932319370098412
    ],
    "origin_5.jpg": [
        1097.521728515625,
        1104.54541015625,
        1997.6455078125,
        1502.5487060546875,
        0.1187414675951004,
        -0.0803966298699379,
        0.036187995225191116,
        -0.005324630532413721
    ],
    "origin_6.jpg": [
        1553.9688720703125,
        1567.9119873046875,
        1997.4073486328125,
        1500.4012451171875,
        -0.1461101770401001,
        0.048165686428546906,
        -0.006435026880353689,
        8.024865383049473e-05
    ]
}