{
    "origin_1.jpg": [
        1371.0440673828125,
        1382.3504638671875,
        2000.01611328125,
        1499.8660888671875,
        -0.1412283331155777,
        0.05311202630400658,
        -0.009813576936721802,
        0.0008615899714641273
    ],
    "origin_2.jpg": [
        1047.9163818359375,
        1058.415771484375,
        1994.8411865234375,
        1505.1837158203125,
        0.07359439879655838,
        -0.0054262313060462475,
        -0.0005356171750463545,
        0.0005006566061638296
    ],
    "origin_3.jpg": [
        1355.8026123046875,
        1373.8226318359375,
        2001.93701171875,
        1505.3114013671875,
        -0.11646749079227448,
        0.050540436059236526,
        -0.013366886414587498,
        0.0017847686540335417
    ],
    "origin_4.jpg": [
        1400.7933349609375,
        1415.74462890625,
        1998.6785888671875,
        1497.5970458984375,
        -0.09231787174940109,
        0.0252890195697546,
        -0.0033810939639806747,
        0.00034380913712084293
    ],
    "origin_5.jpg": [
        1193.90869140625,
        1216.196044921875,
        2003.6724853515625,
        1503.058837890625,
        0.011386527679860592,
        -0.01979413442313671,
        0.011572812683880329,
        -0.0015692749293521047
    ],
    "origin_6.jpg": [
        1533.2442626953125,
        1556.09326171875,
        2001.3585205078125,
        1502.3052978515625,
        -0.1792077273130417,
        0.07754185050725937,
        -0.018611839041113853,
        0.0020110588520765305
    ]
}